index Label,Tweet Text
0,can u help   more conservatives needed ontsu   get paid 4 posting stuff like this   you   can go to
1,just walked in tostarbucks and asked for a  tall blonde  hahahaha  
0,not gonna win
0,he is exactly that sort of person  weirdo 
1,so much   at work mate 10 10boring 100 dead mate full onshit absolutelysleeping mate cannot handle the  
0,corny jokes are my absolute favorite
1,people complain about my backround pic and all i feel is like  hey do not blame me  albert e might have spoken those words   life
0,darn  my sock joke needs fixing 
0,if christian expects fifa to sleep in my bed with me tonight  he is wrong  
1,people who tell people with anxiety to  just stop worrying about it  are my favorite kind of peoplenoteducateyourself
0,most important thing I have learned in school
0,orionlaunch underway   yeah orion
1,i love context and large ensemble fridays   der my most favourite  getthefuckout
0,oh boy   in the house  warm up the dj booth
0,liar  I have never denied the 532 murders in chicago in 2012
0,always classy  never trashy and just a little sassy 
0,you believe you can say something  provide no proof and its a fact  wrong
0,notlong to gobeforemainstreammediapitch surgeryfollowswithmeusingprototypedemonstratingrealsituation phil
0,re  jamie grace has tourette s  thanks for sharing  I am about to research her   post my tribute to this young lady gospel singer
1,guess they did not get the memo reg non nuclear baltic sea  
1,exam na jud  merry christmas       killusslowly
1,the definition of   would be if a 77 year old rapper wentviral and tookbitcoin mainstream  maybe only waybabyboomers will buy in 
1,pretty excited about how you gave up on me  file under   
1,who told thehipsters that   was a thing of the clinton years  do they not carry history books in used bookstores inbrooklyn  
0,u know that  how u doing  
1,hmm   let me think about that  
1,if you wanna look like a badass  have drama on social medianot
1,how dare charles barkley have an intelligent conversation about race   charlesbarkley
0,i think the general rule is  if it is open all night  pull an all nighter 
0,natalie prass   bird of prey  via
0,noo again it is on  pickanewsongcantstandit
1,being a hipster now is so mainstream  oh  the  hipster  
0,exactly and we are fighting like animals
0,teenanalcastingtop top 50 christian songs for 2012
0,the girls onsororitysisters thought they would get rich and famous but instead they be like  
0,speaking ofcountrymusic albums  anyone else thinksundownheaventown feels more like atimmcgraw album than  say  his previous three 
0,teenanalcastingsex sex and the city 2 movie casting auditions nyc summer 2009
0,season 6 episode 3 carries outfit  simple   chic  
1,well got the truck buried today perfect way to start a rainy wednesday work day offnotannoyedpissed
1,on the train and surrounded by posh people  I am so at home notstickoutlikeasorethumb
1,stupiddoctors visits is gonna bury me   now that is  
1,love the way says fault from last night will be fixed by 4pm  only to see a man in a van pull up at 4pm to fix the fault  
1,planning a vacation instead of studying   my priorities are in line not
0,dan said he is going to have a sign for me at the airport when i fly in lolsocute3moreweeks
1,you decide to go on vacation without me sleep  reaal nice consideratenot   
0,no sugar during christmas time    
1,cannot wait to have an afternoon schedule because of you  it is gonna be so much funnot
1,180 dead on 26 11 n more than 10k our ppl killed in terror attacks till date but not 1 paki show sympathy 2 them  
0,the only time a crime becomes a federal crime
0,this music is for the people and not for the money  peace and love  kinglife
1,rangers league game with alloa moved because of the petrofac cup final in april    
0,how to find a life coach    the questions you need to ask before hiring one  via 
0,i wonder what was the holiday rituals for true africans
1,been at the er now since 10  yaynot
0,suhs been clean for 2 years and has only been in the league for five do not act like he was dirty for 10 years not biased my ass
0,thank you studs for perfecting and teaching my bench  respectively  props on form from lifters in al dyel
0,haley approves of her new hammock  ratsofinstagram
1,30 years on  people still have not got justice they deserve bhopalgastragedy yet another brilliant job done by the americans  
0,pips who drop out of school n have kirya as  eir role model tht ey wana sing too  guy spix portuguese french english   not a school dropout
0,free pets and animals booksfreebiebookdownload pets
0,there will be no next employer in nfl for trestman  he was a disgraceful hire and never stood a chance 
1,loovvee when my phone gets wiped    not
1,painting all cops with a broad brush because of the actions of a few is the same logic racists use   
1,do not know if i can handle this crazy 11 2 shift  it is so long i might pass out on the job   
1,i just love being ignored   not 
1,  rt   if you are going to give someone a scathing  1 star review for poor grammar  ffs use proper grammar 
1,produce mobile appsnot
1,decide that you want it more than you are afraid of it   bill cosby  
0,finally finished the first season ofveronicamars  move over cliffhuxtable  keith mars is the new sheriff  er  ultimatetv dad  in town 
0,merry christmas to all those soldiers out there that could not make it home  i love you all  
0,about as relevant as michael sam and jason collins  rt   major league baseball umpire dale scott comes out as gay 
0,getting final jeopardy correct on kids jeopardy boosts my self esteem
1,itsfunny bc people think im quiet but im just listening toeveryones convos and figuring out ur weaknesses todestroy u later in life  
0,woke up   showered   made a lunch and got ready for work only to realize that i have the whole weekend off   
0,how many of those jobs earnmiddleclass wages economicsmathz
1,i reckon straight women fancy victoria secret models more than straight men dovictoriasecret  
0,incredible insight on the bornrisky campaign  amputeemovementequalityartprosthetics
0,lovehiphop mix tapes or have a mixtape to promote check out follow them on twitterundergroundhiphop
0,extended cut  nicha  trailerspooffilmdramaticactionfilm2014youtubefightscenes
0,stunning work britishtextilesfootwearmadeinbritainnot a nike clone
0,sent it but too slow  i had already posted 
0,femalecondomanallyvaginallyprevent std s hiv pregnancylatexfreenotrestrictive tightwomen gay men
0,little cutiechicodogdoggypuppysweetcuteukblackbiscuitnotmineminimissmy
1,niagra falls tho   really   lol
1,if we win against poland and scotland  does that put us 65th in the world rankings   
0,myanmarmenpleadnotguilty tomurder ofbritishtourists  via
1,since the tribunal was established 14 years ago  no complaint against the intelligence services has ever been upheld trustthesystemnot
1,  garner protesters chant  f ck fox news  despite fox agreeing with them ericgarner  
0,after 1989  why did nato need to expand 
1,the   of playing this song on my way towork   nomoneyparttimecooks blackmossptc thanks for  
0,you are taking your responsibilities so seriously today that i   more for leo
1,we get it right for business the trickle down fairy will do the restnot
0,can you not understand that not everything is about the president 
1,when you are in the doctors waiting room and hear a baby in the back screaming her lungs out is always a reassuring feelingnot
1,well now the festive season has begun  let us take a moment to reflect on how much more royalties slade and wizard will get  
0,the last day of the year and i will be tweeting on my major highpoints of the year   good  bad and ugly
0,mb forgot to move the elf on shelf and now 10 is asking me if christmas is real   
0,happy new year  da  thanks sobra for this year   
0,watch megatron fromtransformers rant about social media  
0,notworking when are we able to download games we paid in good faith psn start working again 
1,i just wrote a 13 page paper   i was awfully tired when i was writing it and now i cannot sleep   
0,happy birthday skip  we will always love you phillieslegend
0,or a trout  or northern pike 
0,one of my favorite things to do is to make people wonder  it was completely unintentional but buying bogs mud boots in a dress will do it
0,watching sanjay     getting the start vs  butler and liking what i see minny
1,there is no better way to start the week than to get your wisdom teeth taken out at 8 am  not    
1,the most exciting way to start a friday  a presentation on structurally deficient bridges   lobbyinglife
0,new shirtnewshirtimsorryitsjustiliterallydonotcareatall
0,it was not for one person  it was a business expense 
0,hahahaha   oops  i m addicted to tweets soo funny  you got to follow him forhilarious  tweetsrt 
0,absolutely loved it  well done all involved 
0,that was the case  not the recording so comparing the two is apple   oranges 
0,wow  lol  need cash in your hands today  go to notwunnotmca  
0,at least i do not have to clean the floor
1,incidentally the foreword for moviebhopalaprayerforrain is by subroto roy sahara   saying   justice delayed is justice denied   
1,our 3 losses followed bye weeks   an fcs team  do we get rid of those next year   
0,asksuperwomanlive if you could swim in any liquid besides water what would you swim in   4
0,one of the most embarrassing losses ever wtf
0,untrue   its cutler s fault
1,malala yousufzai receivesnobelpeaceprize andpakistan ranks in top 10 dangerous countries     
0,not so ugly christmas sweater red with red snowflakes   sequins cardigan 1x xl
1,testing water temperaturesexcitingtimesnot
1,waking up with your cat attacking your hand is always delightful  not
0,may not have hung out with you as much as some people  but every time we did it was a blast  you  
0,theusa isnot ademocracy  theusa is arepublic from ofgoverment  do youknowwhat thepledge ofallegiance say s 
1,i blame my mom  mother of the year  
1,pulling my books out to prepare to organize my new bookshelves caused me to forget to bring my book today   
0,to be fair  you did not use the mandatory   hashtag  p
0, i like the hope jan ellis writes with  the precision of the prose  and also thehumour and   she brings  
0,girls just wanna have fun work not friends only dance drinks antennagrouprocks by mariag  
1,the bay area storm is so big that tons of people s work was canceled today  causing me to be early to mine   stormageddon
0,I am from the uk and i honestly think your a goddess  i love how you speak your mind but have a gentle side lovepattiknows
1,leaving whilst its dark is fun not
0,please note   in last tweet before you kill yourself    many good pros including can show you best usage
0,my mum to be back with us for xmas  
1,even though  s got more ex wives than majors  I am happy for that washed up mess  not  blocked
0,ucan make moneytweeting this info w  new app     news   
0,take me too churchnot
1,a  republican move  which will  effectively rob the royals   kate s spending 32k on1meal  who is being robbed   
1,obama announce special urgent package forpakistan    supported by to enhance their fight against obscurantists not
0,shirota yu and   inoue yoshio  he was in mozart  apparently 
0,looking for quality music check  hot record  what about 
1,how is it possible that somebody so interesting is also so  so  so boring   what
0,not going this time  we might have a chance  fool me once  shame on you  fool me twice  fuckthat
0,minky wale tail fritter for price of a bijoux flat in port talbot 
1,  is the first to cut to ads during primetime to proudly announce that they are  putting journalism first    nlprimetime
1,    rbrnetwork1 i think it is your white skin  or  racist dna   he is a geneticist too  did ya know not
0,higoodmorninginstadailysnapchatselfiecomment  sleepdonotwakeup   happy
0,i just want to be done with finals4hoursleft
0,1 bed flattolet  550 pcm   127 pw  humphrey middlemore drive  harborne birmingham b17 
1,so there used to be a crossfit place here    pizzawins
0,when i start singing songs from once more with feeling to myself while at work  buffymusicalstuckinmyhead
0,I am heading off  but need to say this   just because i am concerned for my country  and it is people doesnot make me a racist terrorists
0,work hard in silence  let success make the noise 
0,now what has he said done  
1,watching alison jackson s portfolio of workeurobest2014 seems she is cracked it  celebrity   stunt  viral  
1,spending the majority of my day in and out of the doctor has been awesome   
0,  p s  strong tweet  particularly horatio s involvement in the mattersbloodlinecontinues xx
1,spnewsyxe i hope you were not driving when you took that picture   
0,my beautiful belles3daughters luckymehavefun   wicklow  
1,yeah thanks for messing me about and then not delivering on the product  i feel really great about how this went down  notthanks
0,aha  but white girl drinks make me  so so cray tipsy 
0,this is definitely me     me    ecardsecardsomecardteasefunnylol  
1,christmas alone  how nicenot
1,work wednesday sunday   yaynotmoneytho     
1,  gavy is one rude motherfucker   subtweets me   calls me a motherfucker   
0,access to housing is not a fundamental human right  according to ontario courts  onpolitopolicdnpoli
1,  been friendzoned too many times in my life  the perks of being the good guy  lifeall my life this has happened
1,  you want to see something irish  of all the reasons to be closed     
0,and then my sister should be home from college by time i get home from babysitting  and it is payday  this is a good friday
0,oh dear  some people do not get    
1,yay for fire alarms at 3amnot
1,i just drank a healthy  homemade  all fruit smoothie  in a beer glass   
1,should i buy these  and become a full time hipster  lol not  
1,just paid  2 59 for gas thanksobama  
0,you are most welcome  loved the post  d
0,cannot take my eyes off you  via
1,i am so ready for monday     
0,rollins was so pissed off haha
0,i do love a chilled night in  saves having a hangover to  thank you hun x
1,if it got the attention of the smartass to comment that   didnt it work anyway    
1,when you are sick and you feel bad for your cells cause they are fighting hard for you blessedappreciative  kinda
0,does this look properlyshaded   i thinknot      shadingtechniquescube3dviewlearningdamn isucksob 
0,company profile forget me not pet cemetery   forgetmenotpetcemetery
0,guys   you have just smashed it  wheredobrokenheartsgoxfactorfinal
0,i wanna be at home already
0,just realized my last final is tomorrow  faa 
1,christian europe translated islamic manuscripts  
1,aaand now I have found out that chrome slows down downloads when the screen saver activates  just makes me love it more  
0,the fact that this time next week I will be getting my wisdom teeth out   chipmunk
1,way to lay out yesterday and put it all on the linegoodleader  
0,two years later   gingerbread house making still makes me cry 
1,amar singh gives a  rating to the modi govt but arunshourie says more is said than done in present govt  politics
1, thats a twist algorithms to cause more congestion   increase pollution too bizarre to be truenot
0,  is a service i offer 
0,phatsexyasspicnic picnic porked tiffany
1,I am absolutely positive that coaches love it when parents tell them how to coach and run their program   notsticktoparenting
0,nice touch  all the bar staff in the ground wearingsaintsfc t shirts
1,trust me it will be out of form scandinavian reef again to  do love i see    fcbarcelonamcfc
1,i literally love when someone throw me in at the deep end  toughlife
0,agree with that  wearenotmindreadershaha   repost 9gag  you may think we are  but we are  
0,day ninth december to have a pint at the boars head  not really still in bed  
0,speed cameras in whipton by village shops    yes it takes 5 police officers    wasteofmoneydoesnottakefiveindividuals    
1,picked an excellent day to get my hair done    
0,his daughter is painting his toes  that is a parenting win in my book 
0,cannot say no to that try now  lets go we can do thiscoyq
0,abc takes a look at  the turkey song  by   make it a classicthanksgiving  
1,waking up with a pounding headache is just what i need for this final  
0,can always count on you to speak to me on here then delete the messages so it looks like I am talking to myself   
0,stop by and pick up alexandra s book with a coupon 
0,i swear we must be twins
0,some days are just better than others  
0,after getting a total of 4 hours of sleep in 2 days  i finally got good sleep last night 
0,her name is not superwoman  wonder woman  nor dorothy from the wizard of oz  women of excellence
1,i did not realize boston coach also operated in chicago  brands
0,and that  somebody  thought you were padoin sister lol   fail
0,once again is re writing history re cubaembargo    primal scream tcot
0,wow  look what the nfl rams player who did  hands up  do not shoot  pose has been arrested for   via ferguson
1,someone needs to stop me before i kill someone   love waking up in the worst fcking moodnot
1,what to do with that oldmotherboard you have laying around not guitarpicks
0,joe cole just casually walking past  
0,am i the only one who finds it very stressful when theorionlaunch feed keeps buffering    
1,no    now someone will start a rumor of  abbv pricing their hcv drug same or higher than  gild  
0,never seen the gym so packed
0,  got mentions      mgwvautofollowretweetrtmuzzateamfollowbacktfbjp500adayrt2gain         whos wants to be next 
0,remember to raise a glass of merry to those who are at work keeping the world safe on christmas             essentialservice
0,wishing everyone a happy  healthy  and prosperous new year  
1,yes  and conventional taxis drive verry safely pfft  
1,just ranted on and the moment I am about to hit send  my ipod just died greatmorningnot
0,30 week scannotlongnowexcitingmemoryallgoodhappyclearbabyboy   portlaoise  
0,obama and hillary convinced ukraine that they would protect them if they essentially disarm  need to keep at least one promise 
1,i just enjoy throwing upnothatethissickwannagotoschoolforoncetakemeaway
1,i actually think he needs to use the youngsters in this reincarnation  
1,what a golden morning   not
0,sleep  sleep you stupid idiot i wanna leave my room
0,liberal  leftists useracist sexistlabel for   dislikes msnbc host ed schultz said racistnot to support demand forminimum wage  sad
0,read at the news   obama theamericanwayoflifeisnotagift 
0,really missing my momma today   more than usual  i do not think today will be a good day
0,nevermind that  but do pray tell would scherzy still play grizabella 
1,everyone wants the truth but nobody wants to be honest    
0,i will not be surprised if shelling across pak border intensifies during delhi elections to change issues of election s 
0,every inch of you is perfect from the bottom to the top unless you are skinnyshade  themoreyouknow
0,take a look at those calves        ladies love the calves notaboutthearmsitsabout  
0,your tongue in cheek weigh in does nothing but instigate breed specific hate  stick to reporting on tuques yyj
1,  you think my mom and i would get along better  she is a middle child too   middlechildsyndrome
1,is not this blaming the victim    rt every year  600k college students are injured while drunk 
1,that time when ward was mad because skye hide a secret from him  skyewardagentsofshield
1,while we applauded ourselves on getting to the moon  carl sagan spoke a truth we all denied   
0,can holidays last forever  happytimessundayoutmewearingwyoustoreselenawearswyouchanelboybagchanel  
0,watching trich vlogs helps me alot with my trich condition       
0,photo  orchid tassel chain mermaid dress  39 99 onesize leave email for invoice
0,this game is pathetic  how are they losing this game 
0,bromanceshmomance i just checked and he has zero zero mentions asking if louis was there none nada not  
1,being a light sleeper is the best not
0,schools in india praying for  peshawarattack victimsprayforpakistan   
0,the only company i thought would be best for the thesis is unfortunately taken already   a year ago  
0,not worried about it  whenevs  
0,not enough  unfortunately 
0, please email me captainpc com or contact through dm myself or  ihavedmaddressdetailsbutnot had reply
1,hahaha yeah i think so too cause you know how she loves her with all her heart     not   
0,it is reallynotgood  too have thereputation for stealing from girls    mr  mason   expect a call     
0,we need to stop using the words  racist     racism 
0,probably my favourite book  could not put it down  5stars 
0,from what i can tell  most strippers belong right where they arenocollegeneededadamsmithspecializationstrippers
1,dualistic  as in good and evil  right  because that does not apply to the real world    orcslive
1,consensus of absolute hilarious    michaelmann to lecture onprofessionalethics forclimatescientists 
0,5 dollar obx 1 dollar gboro gonelockitinlottoclubbankopendoumenturdeposit not criminal
1,i may or may not have put at the top of tree soon as he likes christmas time    
0,regarding myatt case  I have contacted the bb  fcc  and my states attorney general  next  wfaanotstopping
0,acronyms because we are cool as fuck  judge me 
0,only a true nightshift person would understand thisnightshifthardcoreteamworknotalways  
0,actually  it wasnt  it was purely economics
1,sunday is such a fun day to studynotewsaywhat
1,reunited with my pump this morning yaynot  
1,my dad s still gonna get me santa s gifts since it is my last year before 18  but i really do not know what to ask for    
1,remember that one time i worked both jobs while sick and it didnt suck at all    notworthit
0,I am really excited for next semester
0,actually  even delivery will not save some  o voted to let born alive die  also  look up  4th trimester abortions  
0,good luck finding someone to take the other side of that bet lol
1,it is good that very few businesses govts in em economies have borrowed much via dollar denominated loans from international banks   
0,     fitfamfitnesshealth
0,gtasanandreas2isnotcomingin2015  one media has released that gta san andreas 2 is coming in 2015  
1,what a great way to start the day  not  
0,i wonder what   of that 43  agree on what a private cloud is
0,if i were to ask  i want to stay here for as long as possible    thinking
1,just wait till cleveland comes again   
1, liberated  iraq    2014 one of bloodiest years with more than 36 00 victims  thank you  western liberators  
0,one hope this gets a rt recyclingroseshollywreathmerrychristmas
0,  tag a teammate who is so bad  he runs the line every week  I am sorry to say it is
0,easiest cl group with two rubbish teams but we won only 1 cl game   even that lucky last minute pen not good enough gutted
1,no one up  okay coolnot
0,npnowplayingnowlisteningmusicdon t let her pull you down bynew found glory from thealbum not with  
1,here we go again  thanks to all that claim to cover wvhs hoopnot highlanders beat parkersburg 76 75 on last second shot by
0,long day and its not going to be possible without my good friendcoffee
1,just lovee driving upstate in the snownot
0,if you know people who could talk power dressing and social media marketing  please let me know  thanks
1,i love getting up at 4 30 so i can wait on other ppl   
0,faux leather size zipper sleeveless scoop back midi dress size s  m  l price  39 99 leave email for  
1,and as much as i want to connect    i like only the people who dont want to     why oh why 
0,i saw a leaf blowing in the breeze  you could yell at that if you wanted to 
1,hold on a minute  are you saying all blonde white women look the same    
1,gotta love those racially based awards not
0,the best love is the kind that awakens the soul  and makes us reach for more   
1,clashupdatenot
0,  super junior s henry asks sasaeng fans to let him sleep  henry oppa    
0,i have officially surrounded myself with the most amazing people  
0,republicans suck more at identifying   than alanis morissette 
1,that is always the solution  not  does not fix anything 
0,name anexcuse that people usenot toworkout   
1, left regressives  is that not a label  
0,but you cannot expect us to hire one in only 3 weeks  who moves that quickly on a coaching search   
1,acelebrity is a person who is known for his well knownness factteamfollowback  
1,is there a basketball game on today  I am not really sure espn seems to not be promoting anything about it   
0,we agreenhsengland needs topublishaande figures overholidayperiod   fromjeremyhunt
0,if you have got the world on a string  you should give me some of that string  think of all the cool applications whatamidoing
0,christmas this christmas that foh its just a day people    get a grip and sit down nd chow some mopani worms
0,warn them that your degree of   depends on them in thisfunny tank top  order now at
0,thegophers are not nervous sammycommentarygophers
0,bitches be like   moreappointmentspleasenot crazy enough    yet   orthodontist
1,i am so glad that i woke up early for this office visit to have to the mother not show up not
0,science of thegardenofeden  edenkenthovindchristianjesuschristc  
0,sickens me that killing innocent black men   children has become such a lucrative career in america mikebrowntrayvonmartinericgarner
0,50km into theraphafestive500 and we stop off for a coffee 1   toes are coming back to life
0,u do really need to get a wee bit more lol
0,so if they undo the affordable care act  and i should expect my insurance to decline 33  notgonnahappen
0,not sure who will take it home 
1,i actually just started crying while brushing my teeth due to lack of sleep  stress and test anxiety  today s gonna be a good one  not
1,do not you just love those people who will not shut up in class then hold everyone back by asking the teacher to repeat answers   
1,oh  believe me  i agree totally  my tweet was pure    we need moreguns  not less  santa is bringing me one 2a
0,thecongressionalreport ontortureconfirms thatalqaeda wasnotinvolved in theattacks ofseptember 11 
0,  makes you mentally stronger  which is very effective when dealing with emotionalstress andfustration   funfactwhatifisay
1,also it is funny how things at work get done when I am on my off week  
0,is this a new recent release 
1,when I am lacking inspiration i resort to scribbling angry pretty things  great start to the week   
0,also it is amazing how a shower and taco bell can make you feel like a new person 
0,visittripplebeammusicpromotions   michigan
0, nuffbobcouldn039tnotrepinrosstattoo please rt 
0,happy birthday becca  i just looked through all of my pictures which you know is a ton and found my  
0,have you lost your zing  working too hard  check out my latest quickie  habituallyinternetmarketnewbie
0,heartless sanghi    indiawithpakistan because a dumb nation deserves to be taken for a ride again and again lakhvi 
1,i guess waking up every couple hours is cool   not
0,istheretoomuch todo orareyounotdelegatingenough  
1,  told to stop work under crew contracts  
0,i need to get out of this car before i kill my dad 
0,everytime i try to like chris brown he does something to royally eff that up  dude is a chronic loose cannonchrisbrownkarrueche
0,bedroomdecoration done lolupstairs just needs a hoover  christmas  decorationsdownstairsnow xx
1,look good feel good notteamnosleepcantopeneyes
0,how much did it cost to buildmygovmedicare  i see this way too often  
0,that sad moment you realize you are past the point of having all those presents under the tree  i wanna move back in 
0,so i may have had a  few  empties to recycle       i  craftbeer
1,yet in ferguson  mo the mayor and gov are dems   
1,abnormal professor walks in with the finals in a zoloft bag  psychhumor
0,in hereford but cannot leave bambino alone 
1,skiing in regents park muchnot
0,rejoice in knowing he is now in his new place   not easy
0,when  make dua for me bro  turns into an hour long conversation
0,a thief  a liar  a vote rigger  mocks those who use food banks and an online bully  
0,what the hell has happened to shahid afridi in last couple of days  left alone more bouncers than played  got a review right pakvnz
1,sub is making class go by so slow that i feel like i am losing brain cells   substitutemoveitalong
0,photographyphotoshopphotosarteyecandybible ontsu        follow
1,yeah someone with hayek and hockey in their name calling someone racist  
0,the rondo  ellis  parsons  dirk  chandler starting line up would be one of my favorites in league  mavs should go all out for rondo 
0,but of course it was  cops could shoot a black man in front of a hospital   i bet you he would still get no aid 
1,i love it when people ignore me   
0,every you are a fucking cunt  lying cunt did i say cunt song is about you now  how cute is thatdefonotpissedoffnope
0,not you  you are on pain medications  
1,what a great christmas   not
0,i hate waking up in the mornings   basicbriannanotanearlybird
0,yeah amazing night  i think he out till the death  I will let u know xx
0,i wish i did better in high school
0,at the toys for lil troops event for donating toys to children of deployed and low income troops 
1,the song was  don t cry for me argentina   
0,i liked a video the ubisoft graduate program   gameplay programming
0,i wonder how many people who visit food banks have huge tvs or are drunks freedomofspeechfoodbanks
0,alien dit   what isreligion  it is a culture that has been invented by afool who wanted to do everything that isnot legallegally  
0,lazying about in a hoodywintertimes
0,forgot to enter  
0,ataxper mile americansshouldnotallowgpstrackingofcars trucks  watch out   as the new year  
0,long distance relationships are serious sh tnot ayoba  
1,happy birthday to me imgettinoldnotionlygetbetter roll tide 
0,we are mad gamers    follow wellingtonnewzealand
0,so not okay with db s racist jokes 
0,notcieseu european council  press conference by donald tusk  jean claude juncker   and matteo renzi 
1,u bragged all yr about having peyton in 2 leagues only to get beat in the 1st round in both     
0,the feeling you get  when you just wanna flip the table and screw the finals 
0,they working me so hard tonite
0,this vine will not come up   
0,lancestephensonnottravelingwithteamon two gameroadtrip  stephenson is still unable to run fully  
1,jeez i wish the government paid for my food notebtbitches
0,hey   some of your geeky nerdy followers need   marker on posts like that  otherwise  they will start doing exactly the same   
1,pretty shitty day I am gonna be soaked and full of mud and clayiliketogetdirtynotreally  
0,when you refer to yourself in the plural  you will get that
1,that moment when the ad plays flawlessly but the video keeps buffering  youtube
1,gotta love a romanian playing an improvised version of jingle bells in a minor key  really sets the festive mood not
1,perfect time to get sick  not
0,I am giving up a lot of stuff to make sure others are happy   i wonder if anyone ever look past my appearance and see what I am feeling  
0,merry christmas to all my friends and family   santa just finished at my house  
0,  video  smartphone can pay you to post    iphonesamsungs4s3ipadtabletmlm start 
0,i see the   of my last 3 tweets combined was lost entirely on a certain someone   faith in humanity   3    
0,lol hilarious pic rt   what a game  win 
0,you have set yourself some target to achieve there like lovehot ornot
0,change is a process     not an event dafuq you thinking
1,my son gave me a cold  again   yay   notexcitedaboutthisshitatall
0,asale isnotsomething youpursue  it swhathappens to youwhile you areimmersed inserving your  
1, malala is fake and planted by the us coz pakistan is perfectly safe for kids going to school peshawarattack  
0,seriously has thebbl04 got the tallest on ground interviewers of all timetalltowerssevenfoot
0,funny18  turn on aquabreeze   disgustinghotels    not all men
1,yay jury duty    
0,i may have played a part  but i wont take sole credit   
0,i thought it was  what i call  the wet look lol
1,a burned tongue is a lovely way to start the day  ouch
1,literally functioning on 4 hours of sleep and i feel great     notcollegeiskillingmeonemoreweek
0,when ya mates dad starts poking you on facebookcringe   
1,the   is anti state ppl will claim the little man  hacker  won when in reality the state wonsony
1,howtogetunfollowed post pictures or videos of you smoking  especially blowing smoke at the camera socoolnotgtfo
0,these refs are pissing me off  they seriously have no idea of what is going on 
0,has anyone visualised the different colours and flavours of twitter streams  kinda lipmus test 
0,psychic advice weekdays at 9am  pdt  on psychic view radio  call in 347 850 1494 to ask your question blogtalkradio
1,so ill  it actually hurts to breathe  still that nice long walk to the station did me the world of goodnot
1,then later he snuggles up to the royals with giddy glee  
1,blue skies  warm air  and the royal accommodation whatmoredoesoneneededucation not  
1,it is international human rights day  
1,so jeremy irons and alan rickman are both in marrakech just one week before I am going thereeverythingisfinenotsonot
0,i take it you are not in england then    
0,smile for thephotook they saidboystroublefunnyfootballkidsadorablefriends
0,when hailey i play trivia crack she wants the sports   entertainment while i aim for the science and history hahahah
1,thanks for pirating my music   dnot
0,welcome to the surrealist estate agency  
0,averageballnotpartypingponghomedecor please rt 
0,the fucking car just gave up   cardiednot happy
1,i like the feeling when people thinks they are 2 steps ahead of me   but the truth is they are miles and miles behind me ahahahaha   
1,bm  gives me  from 3 pm to 8 pm with my son today  that is fair huh not 
1,and if marathi man speak hindi to chu   samajhte hai  
1,lesson learnt  herd of sheep who fought over tvs onblackfriday struggling to sell them  capitalism
1,tomorrow three test signature  thank you    school  
1,soguardiansofpeace win by threatening to destroy thepeace    what a  
0,my babygirl has an imaginary friend it is so cute to watch her talk to it 
0,ukartistonly present ukuntoldstorymixtapegetonducmg
0,they saynotresponsible and yournotworthit to offer even  10discounts for the worstcustomerservice i have ever had 
0,thanks gori san  djgorinot for sale
0,we may be some time hibernotnot
0,I am still going to exeter whether they care or not
0,  ndp to introduce bill to make ohip publicnot appropriate   confidentiality
0,oregon marching band playing music awesomeoregonducksoregonvsfloridastaterosebowl2015
0,we do not have a good enough singles depth atm to even account for doubles the problem has never been doubles always singles
1,yay yet another week with a child home from school ill  just a hint of   to brighten my day 
0,smiles when there ismoney  scowls when there isnot  recognition when there ismoney  ignorance when there isnot               god   
0,hey i seen u have followed me and i was going to ask to check out my channel and help me with a shoutout for subscribers   
0,urban glam high heel earrings  7 leave email for invoice
1,gotta love being lied to  not
0,ladies would not use that language but i guess you are not one 
0,i hate you lol
0,i did not know it is your territory i really     what are you doin  no    please do not shoot at me i   
0,shopping day with ms 15 today  her haul included new docs  eyeliner  bras  new issue frankie mag  and half of kikki k  tired and broke now 
0,sweet jeebus  mt cryosat   jason 2 confirm very high to phenomenal seas generated by north atlantic low
0,hyper at 1am when i really should be getting restohwhale   
1,we were miles apart but you found me  now we are close enough  still apart  
0,drinking a southern triangle ipa by at   
1,american red cross van  together we can save lives    and the driver is smoking   
0,it also makes me want to post this  
1,birthcontrollolwtfwhatisbirthcontrol great commercial  
1,oh how i love working in baltimorenot
0,fans watchtylerfarr in concert at countrymusicthrowdown1035tampa
1,so I am the school nurse today  and i have a fever   
0,bbcnews   usa   jebbush toexplorewhitehousebid 
1,thanks for the dick pic  really  thanks   
0,spawn of larry ellison aka world s worst human
1,really loves dentist appointments   
0,now to write a javascript regexp that allows   and   in e mail addresses  
0,3 more nights 3 more nights   londoncalling
0,a lot of factors at play but i think you do retain him at max  hopefully the ft s hurt his market a bit  selfishly speaking 
0,you are a tough bugger  p
1,I am shocked that mark may does not think the buckeyes should be in the playoff    
1,google scholarship application kept crashing in chrome  opened it in ie  finished application without incident   
0,analfrenchchocolate chocolate babe gets dicks in asshole
1,set my alarm for pm not am  guess you could say I have got my life togethernot sorry pearlburg mom and jesus
0,just entered the competition for tickets to the final  fingers crossed
1,gun nut yells at cops conducting dui checkpoint  later hit by drunk driver on way home  karma
0,for theyoga people out there  this is a down faced dog dinner merrychristmas
1,have you ever seen the like    republican move  that will  effectively rob the royal family   kate s 32k meal  
1,it is snowing in chicagowhitechristmasnot
1,oh i just love when i wake up with a migraine  notneedmeds
0,oh oh mum isnotgoing to bepleasedlittletike
1,its a shame on an off day that the nfl doesnt have any interesting stories and isnt getting any attention  not  
0,felicitats penedesferanotcies
1,cook and england rudderless at the death  seven games and we have got progressively worse  cannot wait  till they arrive here for wc  
0,we arenotperfect but it isneccesary forus tobe thebest   version ofourselves
0,happy holidays   this is officially our christmas card bestfrienduglysweaterbarcrawl
0,at least you got my joke
0,  it is 2015  why am i still manually turning on off wifi  bluetooth  nfc  etc   fb yep
0,thanks babe  hope you have a good one too    
0,this nigga knocced back 6 shots of henny lastnight  
0,it is the season for tablets  i entered thetabletsforall contest to win a tablet gift pack  check it out 
0,notcieseu commissioner creu reassures committee of the regions  junckers investment plan will complement coh  
1,is there a  like  tab on me  I am not a facebook status to be liked by people    rudebuttrue
0,bestiestest   teary eyed  the king is coming  my god s not dead  he is surely alive god snotdeadfaith
0,johnnyfootballtimeisnotafun timeanymore  the cleveland browns went into sunday s game against the  
0,that is what I am talking about  awesome win cavs  
1,08 01am on the dot and the buzzer ringshelloworldnotsleepytirednothanks
0,now i have a game monday  tuesday  friday and saturday   
0,go you not home until the 1st jan  so excited 
0,photo  tuxedo jumpsuit sizes small large color black price  65 00 leave email and size for invoice
0,analysis   economicissueswhipupisraelisinchocolatepuddingelection  via
0,three minutes is better than no minutes
1,found my motivation   aka the back of my eye lids  by accident  boy  me and are some winners notsenioritisisreallosers
0,the ones that caught me by surprise were the ones i did not expectduhredundantredundant
0,this time last year  shiid was hella funny  unforgettablekhwaa
0,hoar frost is challenging for some to spell 
0,your views are not right wing or left wing  just vile 
1,ah the 2014gamergate ebola campaign  how many people did we kill   
1,where is the promise of  peace on earth  in this   lord  thy kingdom come  thy will be done   adventterror  
0,you are violent  it shows in your tweets
1,gael  pro at presentations  andersonnotchoke
1,nothing says nature like the relentless sound of am commuter trafficfthunteramdogfunnot
0,notcieseu cleaner air would offer major health benefits in the balkans
1,loving how dominant the sec ispause   not
1,best christmas eve news  i have a half sister      thanksdad
0,brother  we do not look alikenotfr refamilylovehim
0,looking at the stairs   imaging that scary dark creature coming up freaks me out
0,at least there is a good football game on with zero chance of either of our teams losing lol
0,we are all the same race  human the only race supported by the human genome project
1,throwing up is exactly what i want to be doing at 7 30am     not
1,well this is great     illinois passes bill that makes it illegal to record the police
0,now  to remember which book  goodluck
0,ahem   yeah   something like that     is one of the few things keeping sanity when facing ru propaganda crazyivan
1,so glad i came to work at 7 30am for all the customers that are here  notitsdead
0,still time to enter our planner giveaway courtesy of   bbloggerslbloggers
0,check out the new novel black beauties by eureka johnson on or
0,definitely not  racism is systematic and entrenched in every american institution  also in black white binary construction
0,forest hills drive on my playlist naw  
1,full on man flu just in time for a weekend of work  awesome  coldandflu
1,the cop also had prior misconduct charges  but  ya know  that is ok  
1,zuma reads the quote  people are not fighting for ideas  they fight for material benefits  to live in peace    yclnationalcongress
1,because a field trip two days before finals is exactly what i neednot
0,sony emails tells me a few things  wealthy  high powered business wo men are ugly people  stupid   need to learn how to spell sonyhack
1,i wonder what triggered the anxiety   
1,love waking up to no heat in my apartmentnotsocold
1,nice weather for today  not  
1,decided I had go to bed  early  for once  I have been laying here since 2 am  yet the total amount of sleep I have had all week is 10 hrs   
0,i have a very annoying bluetick for sale  8 yrs old  needs babied and a bath   
0,check out        music that makes you feel something londonuk
1,i do not think the hereditary baronet wants to encourage a something for nothing culture      
0,for the brothers ah ite 
0,i mean zach is a teacher  amirite 
1,wash hands with water  moh is rubbing this on everyone is face   
0,someone tell me where tf to find a fried chicken ornament bc this shit is necessary
0,my body refuses to sleep fucck
1,decemberbessennotfailfootprint sorry  
0,  hey sorry im late i didnt want to comemyperiod
0,lol lets see if he actually reads it 
1,not everyone is really for you no matter how long you knew them   and not everyone is a bad person just because it is been a short time   
0,less than a week til the ultimate squad is back togetherrogersanddalhauser
0,yeah  you are a grown up   at times feel very nostalgic towards your bachpan  iife s handiwork  
0,mike smith and brian hoyer walk into a bar  they sit down and at the same time say  i told you it was not all my fault coyotesbrowns
0,someone discovered that they do indeed have a tail and that it is  in fact  fun to play with
1,scoped out a new route on today s 5k  but oh   the crowds  the traffic  the noise  not  
1,i bet joel embiid is psyched to come back from his injury to play for the worst team in nba history   
0,blount also out  you would think this could be the game that white gets some action  i guess not 
1,final labs coursework submitted   now to treat myself by catching up with the whole semester s lectureswinningnot
1,more people are in prison because of drug related crimes  but you know gun crime is up  
0,  everything is crossed   christmasgift   bassface
0,apologies  scoffs humble pie 
0,problem solved no more reading out at fmq what someone at wm wrote  
0,tbtnot dedicated to those days we dont want to throwback to  like this evil cold november day at  
1,today is going to be a great day  not   
1,so apparently twitter is free   so why is my data being depleted using twitter not impressed
0,yes on auto messagers no tofollowbackers    they make me money over on tsu  thx your post  
0,tough crowd  josh smith was tremendous tonight 
0,would be also great if david teamed up with his old man again at the carols  similar to a few years back  greatdou in both cases
1,taking a hour to shit is always a good thing not
1,my entire career has been devoted to being a boss in beating corruption  but i get beat in a corrupt election  soclosetilden1vote
1,yay i just love this time of the month     
0,finished the year strong with a good bike workout  missed a lot this year resting my shoulder  hoping for better in 2015  happy new year 
0,trying hard to be fragile and petite  hahaha  happy new year liabee more clingy moments   
0,yes  you got the point     it is like  as the time passes we are growing into some kind of beasts 
1,someone took my lucky hat today  yay  is not that fun    ihopeigetitback
0,grateful for this encouragement    
0, pit players v  victims   how dare the nfl put a divide between men and the women and children they beat   
1,kids do not need schools  schools just turn them into gay atheists  gaytheists  if you will   
0,hmm  i would not say she has tits  
1,did you know ios 8 features custom keyboards   
0,tax   ni on your wage slip is like jim bowen on bullseye goin  look what you coulda won rubbingitincrap
0,today stats  one follower  no unfollowers and followed 2 people via
1,yeah i do  but you know there is this thing called an all nighter and apparently i wanna pull onenot
0,it hasnotbeenseen ww monstermmorpg  com since  progoneate follow mariland
0,I have visited 19usstates  2canadianprovinces    11countries total   not the most  but not bad  
1,just a article re  a robot arm you can control with your mind  meh  nothing huge   science
0,that awkward moment when you plane your whole day around your golf class  and it gets cancelled stupidrain
1,same here  tryin to link d convos bt another tweet cums up    is the only wrd repeated   
1,shitty drivers are always fun not
1,just realised we missed it too  in the middle of a tech troubleshooting mission to get an article on madiba up on the site   
0,putting good things in my mind for lunch today instead of just internet junk  oh  and tweeting  tweeting good for building tribe 
1,anybody using their rights to protest legally gets the law thrown at them    the ones who do the crimes don t  that is  notjustice
1, i m not closed minded  I am just dogmatic   contradictions
0,sometimes it snot about beingcocky      it is abt knowing what urcapable of  doing it  
1,a puppet at thepti rally wanting to makenayapakistan  
0,i cannot even begin to explain my frustration   
0,goes both waysmakelovenotwarpeace
1,fighting over chargers is definitely how i wanted to start my day  not
0,i had the most broke friends in undergrad now these fools get a lil money and want to act uppity as ever
0,that is comfortably the most stonewall penalty I have ever seen   what are these refs on hadonestoke
0,do not think that you can just use my boyfriend when you have noone else   not on my watch
0,everybody s talking about snow and I am just sitting here and the only snow around is on our cars  snownot
1,my coach is so supportive   tighten your belt  pick up the weight and just do it    ithinkhehatesmesomedaysitsmostlylove
0,still in da processdrawingsketchfishkoitattoonotyetfinish
1,cause i love going to bed alone every night  not
0,if comes from theheart then they express it  connect or thankyou3rdeyebrand
1,kid who tried stealing tools from me is now mad cuz someone took his hot sauce out of the fridge at work  
1,emopostahead lol the sucky thing about seeing beauty in everything  you see the beauty in a liarbeautifulliarlovethwayyoulienot
0,you blew my mind onahsfreakshow you are brilliant 
1,this team would finish fourth   arsenalafc
0,8 of our favorite smartphone highs and lows of 2014
0,things also go slowly when you are waiting for them especially 
1,fewrelations are bychance  few are bychoice and few are byfacebook    
1,what a lovely perma fall we are having here in milwaukee notdoomandgloomgimmesnow
1,driving into town on very well cleaned country road i see a tow truck veer off too far to shoulder   get sucked into ditch   
0,grace is a free spirited 8 yr old with the most humble heart  aspiring model actress  she also enjoyspiano and dance follow 
0,mondaiis to fridaiis without huweyydonotlike
0,love it when my mans on a cleaning spree   saves me doing it    
1,you could say after today I am officially necropheliclatinfinaljustajokenot intodeadthings
0,equal justice for all  unless you are black during the obama administration  via
1,tried to export an azure vm  well that went ok  vmcorruptthankyoumicrosoftstartalloveragain
0,forgiveothersnotbecause theydeserveforgivenessyoupeace love this from wordswisdom   
0,hardest parking I have probably ever done screwyousmallparkinglot
1,i guess paul did not have buns  hon eatenalivenot
1,an  important  call from the council about a form we did 3 months ago is just what i need an hour before we head off to disneyland not
1,laptop speakers are too quiet for music   simply too loud for porn     
1,returning my brand new ps4 thanks to your faulty security goodjobnot
1,most of us did not focus in theadhd lecture      
0,farage a t1t in public who doesnt agree with seeing t1ts in publicbreastfeeding  
0,ah ok  well i hope things keep going well with person a x
1,great story about the student trying to get the teacher fired    moron storywasstupid
1,i will let know   I am sure he is shaking quaking in his boots not
1,maybe you should grind the gym mannotcallingyoufat
0,start with india   i need to be somewhere they do not speak great english so i do not have to say much lol
0,I am officially making today  single men get a smoothie  day because that is who my customers have been all day 
1,my favorite thing is waking up at 4 and driving 20 minutes in the snow just to see this bitch assnotpaneraproteam
1,    the elections are not over zero vat  but about whether there will be a zionist or extremist country here  
0,katie pisses me off so badtheapprentice
1,k  michelle said lil kim is plastic but 65  of her body is fake and silicone  kim went plat on paypal but k has never seen platinum   
0,rest in peace riff god dimebagdarrellisnotdeadpantera
0,let snotforget theorigin of adiamond inrelation withhumanrightsbigdata
0,john stockton in a commercial    holy crap nbaballot
0,i have this weird urge to buy a hamster
1,i love it when people try to tell me that oakland is so much easier than other schools  not
0,where did that come from  
0,somebody has filled my head with snot   used a cheese grater on the back of my throat during the nightunimpressed
0,i am downloadingadvancedwarfare now   cannot play it until 22nd of december tho   exams
0,i am so immensely sad about this 
1,but hey we could just kill their kids in a drone strike cause that strategy seems to b working so well andnot
1,get on the work bus  driver turns his music on and the first song on is  another day in paradise   
0,my brother did this  now i hate my brother even more    jknotstilljkfatbro
0,absolutely noalp or fan  but seriously many have done this before him   many will scapegoatexcuse he was a lame duck
0,support reveal the truth behind love  sex and drama visit
1,lots of people tweeting pictures from their cars of their snowy commutes to work  whilst saying  stay safe  oh  the   
0,they have spread their positions off with long feeder cattle   
0,it is all about twitternot a clue
0,though  i suspect you do not actually care about the truth  so whatever  go troll someone else    
1,thanks i thought it was tomorrownotiknownotthepoint
1,she talkin bout gender roles and we are the narrow minded ones  
0,and why would not you be after that performance 
1,yay for cars having a case of the mondays not
0,analtryoutssensational sensational blondie chick gets anally smashed in a threesome
1,just woken up after 16 hour night shift to no gas  looks like microwave meal and cold shower for me today  woo   fml
0,tulisa has really made herself uglyxfactor
1,a well known sci communicator is exaggerating the claims of a study into pr exaggerating the claims of scientific studies    
0,becauselogically  that doesnotfullycompute  if they wearlessprotection for a   deadlyvirus    donot   get ebola as result 
0,last night watch for 2014   that deserves   r breakfast dram  17yr from scotchislay
0,can i just own an isle far away from here where my house is stunningly beautiful with only some closed ppl who appreciates me as a human
0,if only i could be a cooler kid xp lol I am such a nerdcaniknowwhenimnotgonnagetrejected
1,it is so the speaker remembers their talk s over  otherwise how would they know   
1,murdered baby  black man in us  kids in thailand and a woman s body in avon gorge  it is a jolly day for news today  
0,the struggle of writing this article and studying for this journalism final is killer 
1,pulled by white van man by the looks of it  yuk    so naff  that keeps the magic of xmas alive   not
1,I am so sore  work tomorrow is gonna be fun  not
0,just lost a fiver already on the early kick off  cheers forrest   
0,so glad I am off work tonite 
0,lol my mom cannot text and talk at the same time  
0,ahh   the hill  i seem to remember  sort of  mud sliding down that hill at many a buffet   steve miller concert goodtimes
0,please snow let us get out of dance early
0,why is there evidence of a stripper in my house yet i see no stripper in my house   
0,beach hangs with my bffz
1,how can u miss something u never had    randomthoughtsmiss    
1,mahathir  one of the godfathers of asian values  malaysians are  stupid   do not know how to run an airline  
0,love these guys  rt   tried to get the whole family in selfiestick
0,so baffled that wwe wrestling is still as popular as it is  all my friends went to the show in dc  i stopped watching like 12 years ago 
0,just check out the buttons  see what they do  and follow me back  
0,no one really says that
0,the ones who did this  and the ones who support this cannot be human radical islam  satan s army  peshawarattack
1,that is some bullshit that is a complete rip off for those items  and i bet some of u idiots really that is a good sale not
0,do you want to be right   or do you want to be happy 
1,i like to think of myself as a broken down justin bieber   my philosophy professor  everyone   
0,  matters we may exert or influence a change  but friendships are not progressed this way  some natural affinity is needed 
0,just trying to confuse you all  
1,20 years ago i arrived in cr  happy to leave behind all the malls and rampant materialism of the us  went xmas shopping in prg today  
0,again  your myth of  racist dna  is still only a figment of your delusional imagination
0,not so ugly christmas sweater hunter s run santa s sleigh over the rooftops
0,i know who i am  i am not perfect  I am not the most beautiful woman in the world  but I am one of them womennotperfet  mary j  blige
1,effigies of jesus or allah   when she herself hadnt kept any of d hindu gods  
1,i have three exams today lets goo school  swag
0,today was a very good day in iceland 
1,well hello fever  id say 103 is feelin real good todaynot
0,i feel and look like shit rainydaynomakeupsorrynotsorry
0,today s ncaa action on the way 
0,lol   old enough to know better   young enough to do it again
1,monday morning inspiration   itstruethodonttrustnobodyiwokeuplikethis  
0,my mom is the most annoying person i know  i know you are gonna read this since you creep my account  s o to my momidc istilloveyou
0,talking to yourself again mo  
1, oxymoron  planned parenthood  nothing abt parenting
0,who said that birthday girl cannot celebrate the next day       celebratingalwaysnighoutbirthdaygirl  
0,yep  overall it was a great show live  ending of the tlc match was fubar  and the stairs match was terrible 
0,video im not the only one you think im crazy  ahh
1,trying to eat crackers on the quiet floor likee   maybe if i chew slower no one will notice   not
1,woke up with my foot the size of a balloon  that is just what i needed  notouch
0,celtics rt   and then there were none
0,image via we heart it feelingsnotpeopletelling
0,no one talks like i do   no one thinks like i do   no moves like i doconormcgregorufcquotes
0,no doubt  main stream media  obama  holder  deblasio et al have the blood of those cops on their hands 
1,thanks for the spoiler  not
1,congress just screwed us but it is a great day in the district because we got another stadium   
0,advancedwarfare is so much better than any fps released in 2014 xd
0,it is always the little things that is attracts me
0,you renot familiarwith matt busby then  lol 
1,highly inflamed stomach is just what i likenot
0,i think about disney world just about every day missitmyhappyplace
1,almost 72 hs of a kid asking for his christmas gift and zero answers from thank you guys  you are awesomenot
0,   can do no more not usually a quitter only so much can be thrown at me 
0,well maybe if you werent such a noob you would be up talking to me at 2 30 in the morning  p
0,not insured
1,horray to working all weekend   ohwell     
0,thankfully not full cold   just one side down  getting the full vitamin netty pot combo blast now
0,hello wednesday  by the way it is december 10  2014 at 02 15pm   just a random information 
1,i do hope you antigamergate rs will sleep better  knowing that sabotaging charities would make you more respectable in society   
0,haha guess my tweet was ok then  are you back in training
1,13 voice mails at work is always lovelynot
1,sick on christmas yayynot
0,how were yourholidays  we would love to hear all about them 
1,ah yes  just what i wanted today  a pounding migraine   
0,munching cheese like its christmasstiltonoverload
1,hazard worker training  1st break there was 3 doz donuts and half class outside to smoke failnomealfitters  
0,the thought of work tonight really kills that friday feeling 
1,the thirstiest of thirst buckets calling other people thirsty    
0,pantsdowntiggy was his crime  pixelationmoot or  
0,notcieseu green determined to block hinkley point   green determined to block hinkley point copyright ep 2013  
0,I have got a right thirst on  newsyearseve
1,love the fact that i turned off my alarm this morning and slept till so freaking latenot
0,mcfc trying to kill their opponents 
0,seenaheadlineaboutadoctorthatstartswith   doctorwho    whynotstickyourheadinthetoiletandpullthe  
1,yet no  dog in the manger  that actually makes it a dog in a manger story  
1,  reverend tells kids that santa is not real why declaring a sky fairy is because a book says so lol
1,laborers in the san joaquin valley  one of the most productive farming regions in the world  suffer from food insecurity   poverty
1,i think my friend just sent a snapchat of me drinkin water  cuz she is fun like that  rehydratewhenyadehydratebrat
1,girls will not answer their phone when I am calling them bc they think I am calling them in early but I am actually calling to cut them  
1,make sure you do not say christmas   the decorate for the holiday   itisachristmastree
1,re  prison book ban   of course grayling is also trying to ban judicial reviews  
1,rolled out of bed for closing  ilookreallygoodnot
1,watching vt and cincy   qb for vt with  gods  down left arm  gift  down right arm     howmanygodspunctuationmatters
1,you seem super smart mt       nobleeding happening inwaterboarding   it snottorture 
0,cheers bro  top man  
0,even getting cooked breakfast   hes defo up to something     
0,roflmao yeah  oops is right
1,coin   lecoincanard  coin   lecoincanard  coin   have a wank over this hashtag  fazzanelli  jeffroylat have a wank over this hashtagnot  
0,i really want to see into the woods 
1,that bump off the apron looked like it hurt   was that padding u landed on   
0,please make me smile this xmas   first xmas without my mum here  your my fav everr  pleasee   
0,hope the header did not mess up that barnet
0,if it is not  then it is  hand crafted artistically fashionable  connect forfashionblogthoughts
1,it is okay i did not really want to see my idol anyway   
0,I will try to guess the ascii symbols without my admins help  always trying to learn 
1,hearing gun shots when i first wake up makes me feel like I am in compton  what a wonderful way to wake up     imscared
0,protesters upset over decision in chokehold death take the streets again  mexico s streets are not the only ones taken
0,great   not sure if I have seen that actual pic not just for girls   d
1,tgif oh just kidding i have 30 mins from one job to the next  love 12 hour days serverlife  nolife
1,just got yelled at by proxy  it is going to be an excellent day   
0,lol everyday excuse the languagerelationshipsmenwomen  lotd
1,making the most out of my last vacation day nottvandsleep
1,what a lovely day to drivenotboofogwork   
1,so restaurants that thrive on the social nature of eating believe that mothers should only breastfeed in private   
1,this long drive home later in the snow is gonna be shweetnot
0,if you drag yesterday into today  your tomorrow cannot be what it was meant to be  let  it  go bringon2015
0,congrats to my fav   her team   my birthplace teamohiostate  i can claim that  right  orevsosu is gonna be one great game  
0,  jessica sheds tears at her fan signing event makes me weak everytime sica    
1,   al jazeera is pro anti  gamergate because feminism  or something 
0,not all   there good   bad in every occupation   race   stop labelingnot all  
